date,S_t,U_t,P_t,tone_strength,Vol_t,DeltaPrice_t,return_pct,sigma_wide,sigma_pre,CredGap_t,t5yifr,regime,VIX_t,has_pressconf,S_x_CredGap,S_x_VIX,U_x_CredGap
2014-03-19,0.1070042175527375,0.7210481250505116,0.13605515793895503,0.13605515793895503,0.000711269253279,-0.5625,-0.4528871556170587,0.0005964089850775,0.0001138736623416,0.5899999999999999,2.59,above_target,14.52,True,0.06313248835611511,1.5537012388657483,0.4254183937798018
2014-06-18,0.2663758822406332,0.7234003178274898,-0.6589289739673541,0.6589289739673541,0.0004375923270084,0.140625,0.1132645356154039,0.0003551635486995,0.0001241927989057,0.4900000000000002,2.49,above_target,12.06,True,0.13052418229791032,3.2124931398220364,0.3544661557354702
2014-09-17,0.2376388448654957,0.7937212696831141,-0.4468668650921106,0.4468668650921106,0.0005903740572578,-0.28125,-0.2261022484612485,0.0004640007016194,0.0001109674694882,0.4900000000000002,2.49,above_target,12.73,True,0.11644303398409293,3.0251424951377603,0.3889234221447261
2014-12-17,0.2375345043414695,0.6807742151840431,0.4110119371470346,0.4110119371470346,0.0006481400437558,0.03125,0.0245428886979997,0.0005662648374846,8.242780141340687e-05,0.08999999999999986,2.09,anchored,23.57,True,0.021378105390732222,5.598688267328436,0.06126967936656379
2015-03-18,0.1833341939544135,0.6795457619728793,-0.08571602345950925,0.08571602345950925,0.0007064331907226,0.734375,0.5754867148279662,0.0005698137159758,0.0001205717726559,0.06000000000000005,1.94,anchored,15.66,True,0.01100005163726482,2.8710134773261156,0.04077274571837279
2015-06-17,0.2758735824180277,0.7117145874650236,-0.40157373620748027,0.40157373620748027,0.0004530933978083,0.6875,0.548423283061199,0.000385655694894,0.0001162128431321,0.08999999999999986,2.09,anchored,14.81,True,0.024828622417622452,4.08568775561099,0.06405431287185202
2015-09-17,0.1785634755156934,0.7034857794967329,0.0815846324342385,0.0815846324342385,0.0004397794266023,0.5625,0.443513613403967,0.0003806170157041,0.0001416295364229,0.07000000000000006,1.93,anchored,21.35,True,0.01249944328609855,3.8123302022600543,0.04924400456477134
2015-12-16,0.2783094062004238,0.7236160838168443,0.2958674932585802,0.2958674932585802,0.000469392708443,0.125,0.0993912287240651,0.0004051263789266,0.0001309525176698,0.26,1.74,below_target,20.95,True,0.07236044561211019,5.830582059898879,0.1881401817923795
2016-03-16,0.2692691121054323,0.7142929972033016,-0.1639292352740782,0.1639292352740782,0.0005311187422393,0.546875,0.4267772222899646,0.0004388829191328,0.0001067429669994,0.3500000000000001,1.65,below_target,16.84,True,0.09424418923690134,4.53449184785548,0.25000254902115565
2016-06-15,0.1345664702944065,0.7678218078116575,-0.023714739583233314,0.023714739583233314,0.0003362166370051,0.28125,0.2132701421800947,0.0002775130236162,7.579703844169235e-05,0.55,1.45,below_target,20.5,True,0.07401155866192358,2.758612641035333,0.4223019942964117
2016-09-21,0.3180910631548613,0.688749886847033,-0.3672607191203655,0.3672607191203655,0.00027909370573,0.21875,0.1678254615200192,0.0002466308923333,8.097935497021819e-05,0.3500000000000001,1.65,below_target,15.92,True,0.11133187210420148,5.064009725425392,0.2410624603964616
2016-12-14,0.2594585397133702,0.6831160117272963,-0.5557708376152909,0.5557708376152909,0.0005717380634228,-0.59375,-0.4779874213836478,0.0004771335053371,0.0001429350627655,0.040000000000000036,2.04,anchored,12.72,True,0.010378341588534817,3.300312625154069,0.027324640469091877
2017-03-15,0.3628599784957866,0.6796412284551796,-1.1474549458221293,1.1474549458221293,0.0007726209362424,0.5625,0.4572589864092468,0.0006373395120664,9.352608834527928e-05,0.10000000000000009,2.1,above_target,12.3,True,0.03628599784957869,4.463177735498175,0.06796412284551802
2017-06-14,0.2127889867283796,0.6706054475767179,-0.45656389988111623,0.45656389988111623,0.0002798993412996,-0.21875,-0.1720324404030474,0.0002629690953999,0.0001129022686303,0.16999999999999993,1.83,below_target,10.42,True,0.036174127743824516,2.2172612417097155,0.114002926088042
2017-09-20,0.0743383057905655,0.681522093170012,0.5238623558840867,0.5238623558840867,0.0002509717221597,-0.46875,-0.3718393653941497,0.0002215710995966,0.0001000292401869,0.0,2.0,anchored,10.18,True,0.0,0.7567639529479567,0.0
2017-12-13,0.2083205957075252,0.6313770785870706,-0.45216094718581307,0.45216094718581307,0.0001888253702511,0.125,0.1005783253708825,0.0001730605790538,9.649262950976792e-05,0.0,2.0,anchored,9.92,True,0.0,2.06654030941865,0.0
2018-03-21,0.2193474560318624,0.6997839345907172,-0.010950839158841414,0.010950839158841414,0.0003235756163368,-0.171875,-0.1432291666666666,0.0002803288384058,0.0001091442281563,0.10999999999999988,2.11,above_target,18.2,True,0.024128220163504837,3.9921236997798957,0.0769762328049788
2018-06-13,0.3506693843907366,0.6781689065915706,-1.0754358099325723,1.0754358099325723,0.000322343409504,-0.328125,-0.2747612194164595,0.0002719474503855,8.82177666697854e-05,0.18999999999999995,2.19,above_target,12.34,True,0.06662718303423994,4.327260203381689,0.12885209225239838
2018-09-26,0.2870033818551085,0.6913644865853712,-0.7289844196516061,0.7289844196516061,0.0001901849094188,-0.046875,-0.0395152792413066,0.0001745808508165,9.0949699632143e-05,0.27,2.27,above_target,12.42,True,0.0774909131008793,3.5645820026404476,0.18666841137805024
2018-12-19,0.2828558742661368,0.6531357751653084,0.8562403177187204,0.8562403177187204,0.0003220488150048,0.203125,0.1680672268907563,0.0002948965456331,0.0001420139553085,0.040000000000000036,2.04,anchored,25.58,True,0.011314234970645482,7.235453263727779,0.02612543100661236
2019-01-30,0.1509041897952556,0.6703404561757405,0.002396396344476623,0.002396396344476623,0.0002164822102665,0.359375,0.2954779033915725,0.0002014307374859,0.0001060863151622,0.06000000000000005,1.94,anchored,19.13,True,0.009054251387715345,2.8867971507832397,0.040220427370544466
2019-03-20,-0.2847372833639383,0.7026586150668823,1.822550132753457,1.822550132753457,0.0003253044159012,0.484375,0.3940010167768175,0.0002742638239131,8.444803653871078e-05,0.04999999999999982,2.05,anchored,13.56,True,-0.014236864168196863,-3.861037562415003,0.03513293075334399
2019-05-01,-0.0990618656982075,0.7010589537676424,1.1342606756136495,1.1342606756136495,0.0004616082405923,-0.265625,-0.2144839767852636,0.0003891969558026,9.15329276636074e-05,0.04999999999999982,2.05,anchored,13.12,True,-0.004953093284910358,-1.2996916779604823,0.03505294768838199
2019-06-19,-0.0417961908335035,0.6734943498698899,0.5341839316326207,0.5341839316326207,0.0003134573820731,0.515625,0.4052062868369351,0.0002684683136339,9.61558210071057e-05,0.20999999999999996,1.79,below_target,15.15,True,-0.008777200075035733,-0.633212291127578,0.14143381347267686
2019-07-31,-0.0452861163454751,0.6396862773214325,0.7482660814380041,0.7482660814380041,0.0003868522253862,-0.1875,-0.1469147894221351,0.0004731508251273,9.348451423760024e-05,0.020000000000000018,1.98,anchored,13.94,True,-0.0009057223269095028,-0.6312884618559229,0.01279372554642866
2019-09-18,-0.0934474228627302,0.6636377491940005,0.8299049198338228,0.8299049198338228,0.0003005311107465,-0.515625,-0.3973031543462557,0.0002988949833072,0.0001491011284313,0.1399999999999999,1.86,below_target,14.44,True,-0.013082639200782217,-1.349380786137824,0.09290928488716
2019-10-30,-0.1591843633319843,0.6295060028069303,1.3895899581101285,1.3895899581101285,0.0002573306234442,-0.171875,-0.1327220077220077,0.0002398740373718,0.0001009574992885,0.29000000000000004,1.71,below_target,13.2,True,-0.04616346536627545,-2.1012335959821926,0.1825567408140098
2019-12-11,-0.070739436132664,0.7145070832242103,0.514674632477319,0.514674632477319,0.000183798806032,0.03125,0.0242072137496974,0.0001880468594266,9.686897277754077e-05,0.16999999999999993,1.83,below_target,15.68,True,-0.012025704142552874,-1.1091943585601713,0.1214662041481157
2020-01-29,-0.0664903052489866,0.6197643760935618,0.3922263754214338,0.3922263754214338,0.0001377675710516,0.140625,0.1074755194650107,0.0001340191330793,7.989754373220439e-05,0.29000000000000004,1.71,below_target,16.28,True,-0.019282188522206114,-1.082462169453502,0.17973166906713295
2020-03-02,-0.0550016681663692,0.5938574159880737,-3.853772330734162,3.853772330734162,0.0008138519479767,0.4375,0.32441200324412,0.0006565802960122,0.0002125602610828,0.51,1.49,below_target,40.11,True,-0.02805085076484829,-2.2061169101530687,0.3028672821539176
2020-03-15,-0.0089337729679589,0.6245788663860744,-5.402358749194941,5.402358749194941,0.0007163408931586,0.578125,0.421796625626995,0.0006772705334328,,0.73,1.27,below_target,57.83,True,-0.006521654266609997,-0.5166400907370632,0.4559425724618343
2020-04-29,-0.0914966764394193,0.666590146788142,-3.180334931169678,3.180334931169678,0.0001978670428021,-0.125,-0.0898876404494382,0.0001768525949339,0.0001109666100405,0.48,1.52,below_target,33.57,True,-0.043918404690921266,-3.071543428071306,0.31996327045830814
2020-06-10,0.0547037927234279,0.6667401183443437,-0.7462608978533758,0.7462608978533758,0.0002357637727133,0.265625,0.1922207146087743,0.0001979676181448,0.0001001984567063,0.45999999999999996,1.54,below_target,27.57,True,0.025163744652776834,1.5081835653849072,0.30670045443839805
2020-07-29,0.0528292971663177,0.6488306158008939,-0.5850307871308998,0.5850307871308998,0.0001127636159483,0.03125,0.0223738673229667,0.0001044194395335,6.94902301961347e-05,0.3400000000000001,1.66,below_target,25.44,True,0.017961961036548024,1.3439773199111225,0.22060240937230396
2020-09-16,0.0785525701319178,0.6104337899995834,-0.4347538567604884,0.4347538567604884,0.0001707360111861,-0.140625,-0.1007500279861188,0.0001696614352009,8.737874109916458e-05,0.19999999999999996,1.8,below_target,25.59,True,0.015710514026383557,2.0101602696757763,0.12208675799991665
2020-11-05,0.0742326674982905,0.6494345543656312,-0.7169146158622526,0.7169146158622526,7.140197950468369e-05,0.078125,0.0562429696287964,9.71765262411014e-05,7.669717038610299e-05,0.28,1.72,below_target,29.57,True,0.02078514689952134,2.19505997792445,0.18184167522237676
2020-12-16,0.1199044513632543,0.668310439032949,-0.10840596243585805,0.10840596243585805,0.0001834254845612,-0.078125,-0.0566572237960339,0.0001681076330605,8.635844859533373e-05,0.040000000000000036,1.96,anchored,22.89,True,0.004796178054530176,2.744612891704891,0.026732417561317983
2021-01-27,0.1590870316140353,0.6364603139330073,0.048041162931577196,0.048041162931577196,0.0001031394447321,-0.015625,-0.0113584734211721,9.642116386289228e-05,7.933952946677406e-05,0.009999999999999787,2.01,anchored,23.02,True,0.0015908703161403193,3.6621834677550926,0.006364603139329937
2021-03-17,0.223225480527617,0.6184901578633851,0.09427697821868383,0.09427697821868383,0.0003487911579735,0.515625,0.3916913946587537,0.0003056466128108,0.0001055271169225,0.009999999999999787,2.01,anchored,19.79,True,0.0022322548052761226,4.4176322596415405,0.0061849015786337195
2021-04-28,0.3823711994816275,0.6355198719934242,-0.16758631233494814,0.16758631233494814,0.0002252296231663,0.265625,0.2014456689181182,0.0002034631193683,8.626513065505579e-05,0.27,2.27,above_target,17.56,True,0.10324022386003943,6.714438262897379,0.17159036543822453
2021-06-16,0.4709176741102162,0.6789980471451285,-0.3838733862342211,0.3838733862342211,0.0005095263176069,-0.9375,-0.7070469007777516,0.0004308227146557,7.209973174930622e-05,0.2999999999999998,2.3,above_target,17.02,True,0.14127530223306478,8.01501881335588,0.20369941414353843
2021-07-28,0.5625730810467812,0.6550254910201817,0.3590872967934065,0.3590872967934065,0.000336120925497,-0.09375,-0.0697836706210746,0.0002881313951049,8.202184509546392e-05,0.20999999999999996,2.21,above_target,19.36,True,0.11814034701982402,10.891414849065683,0.13755535311423814
2021-09-22,0.5200105018189384,0.6187308369652932,1.95559510233241,1.95559510233241,0.0002754802646126,-0.140625,-0.1055347091932457,0.0002395394111811,8.936838979487279e-05,0.14000000000000012,2.14,above_target,24.36,True,0.07280147025465143,12.66745582430934,0.08662231717514113
2021-11-03,0.3515766186728364,0.6750741705596214,-0.4195676817340766,0.4195676817340766,0.0002852532052072,-0.078125,-0.0597585753555635,0.0002611045038421,7.940135599208693e-05,0.18000000000000016,2.18,above_target,16.03,True,0.0632837913611106,5.635773197325568,0.12151335070073195
2021-12-15,0.1181727096830543,0.6949990762377831,-0.08974157837938632,0.08974157837938632,0.0003920262118061,-0.171875,-0.131641933939684,0.0003422585144684,0.0001030799551373,0.08000000000000007,2.08,anchored,21.89,True,0.009453816774644352,2.5868006149620584,0.0555999260990227
2022-01-26,0.0642940451884094,0.6842023343934367,-0.9300992145612786,0.9300992145612786,0.0002961310042678,-0.640625,-0.4998780785174347,0.0002751141296765,0.0001335365925817,0.040000000000000036,2.04,anchored,31.16,True,0.002571761807536378,2.003402448070837,0.027368093375737493
2022-03-16,-0.1210787172118822,0.6004837100913462,-2.694659542101081,2.694659542101081,0.0004082518911905,-0.390625,-0.3141887646097775,0.0003855568707377,0.0001127564991238,0.2599999999999998,2.26,above_target,29.83,True,-0.03148046647508934,-3.6117781344304456,0.15612576462374989
2022-05-04,-0.2642687449852625,0.6406560432766537,-3.9232058153341125,3.9232058153341125,0.0005606482585855,0.171875,0.1452336942170583,0.0005483654856813,0.0001572306819763,0.4500000000000002,2.45,above_target,29.25,True,-0.11892093524336816,-7.729860790818927,0.28829521947449427
2022-06-15,-0.118486497950341,0.6627459832594137,-3.334822684403066,3.334822684403066,0.000985444194601,0.421875,0.367047308319739,0.0008131144718625,0.0001141085436653,0.31999999999999984,2.32,above_target,32.69,True,-0.0379156793441091,-3.873323617996647,0.21207871464301228
2022-07-27,-0.1877170243085577,0.6440541080390223,-1.8546134184371512,1.8546134184371512,0.0004681586488676,0.28125,0.2342529932326913,0.0004200812172126,0.0001468009533652,0.16000000000000014,2.16,above_target,24.69,True,-0.030034723889369258,-4.63473333017829,0.10304865728624366
2022-09-21,-0.0934154420661238,0.6683910534242695,-1.8536300209689913,1.8536300209689913,0.0006298603088661,0.21875,0.1922020867655134,0.0005413624782987,0.0001427255224275,0.31999999999999984,2.32,above_target,27.16,True,-0.029892941461159603,-2.5371634065159223,0.21388513709576615
2022-11-02,-0.0548527543743451,0.6969148302815351,-1.3174949753116638,1.3174949753116638,0.0007887276340545,0.28125,0.2540937323546019,0.0006680384783022,0.0001191673210933,0.3700000000000001,2.37,above_target,25.81,True,-0.02029551911850769,-1.415749590401847,0.25785848720416804
2022-12-14,-0.0488623645777503,0.633752556380312,-0.7180136861084077,0.7180136861084077,0.0004652115557923,-0.171875,-0.1497617426820966,0.0004079878273206,0.0001423081695146,0.16999999999999993,2.17,above_target,22.55,True,-0.008306601978217547,-1.1018463212282692,0.107737934584653
2023-02-01,0.1646018619649112,0.6853831153629082,0.015575898063319774,0.015575898063319774,0.0004814704976524,0.390625,0.3399972800217598,0.0004417074123106,0.0001201581948639,0.20999999999999996,2.21,above_target,19.4,True,0.03456639101263134,3.193276122119277,0.1439304542262107
2023-03-22,0.2129434584366048,0.6848615857039503,0.17300036452772227,0.17300036452772227,0.0006815733264568,0.640625,0.5595741776989218,0.0006046760990203,0.0002017964683264,0.20999999999999996,2.21,above_target,21.38,True,0.044718126271687,4.55273114137461,0.14382093299782953
2023-05-03,0.1160338412155397,0.6663307497552388,0.01625565232680181,0.01625565232680181,0.0003767184424191,-0.109375,-0.0942507068803016,0.0003258252738628,0.0001219856604576,0.2200000000000002,2.22,above_target,17.78,True,0.025527445067418757,2.063081696812296,0.14659276494615267
2023-06-14,0.127621246560011,0.6685064237333534,0.06487531403701771,0.06487531403701771,0.0006895302449741,-0.21875,-0.1934235976789168,0.0006035947646869,0.0001309318488798,0.2799999999999998,2.28,above_target,14.61,True,0.035733949036803055,1.8645464122417608,0.18718179864533885
2023-07-26,0.1470208407845348,0.6781988847839961,0.0010658025196275916,0.0010658025196275916,0.00032802441888,0.21875,0.1956947162426614,0.0002842640408147,0.0001190459364628,0.52,2.52,above_target,13.86,True,0.0764508372079581,2.0377088532736525,0.352663420087678
2023-09-20,0.073854663525708,0.6994254885348958,0.2743967174615237,0.2743967174615237,0.0004437952939417,-0.234375,-0.2140716426430712,0.0003798882914388,0.0001191992811066,0.43999999999999995,2.44,above_target,14.11,True,0.03249605195131152,1.04208930234774,0.3077472149553541
2023-11-01,0.0795411166618578,0.6862699325074968,0.013858763995692467,0.013858763995692467,0.0004805547465744,0.0,0.0,0.0004122551064301,0.0001001710272138,0.43999999999999995,2.44,above_target,18.14,True,0.03499809133121743,1.4428758562461006,0.30195877030329854
2023-12-13,-0.0339098020922392,0.716620250416033,1.0010350499512632,1.0010350499512632,0.0007482937401567,1.140625,1.0291837022416466,0.0006315067360523,0.0001144157424026,0.2400000000000002,2.24,above_target,12.07,True,-0.008138352502137415,-0.40929131125332713,0.17198886009984807
2024-01-31,0.1288493107339101,0.6935030554278373,0.08183554715163861,0.08183554715163861,0.0003484670524825,0.109375,0.0974116337322571,0.000311526255978,0.0001018096363904,0.27,2.27,above_target,13.31,True,0.034789313898155726,1.7149843258683435,0.1872458249655161
2024-03-20,0.1566189401783049,0.6815206233056502,-0.03722813482675182,0.03722813482675182,0.0003474429809897,0.046875,0.042504958911873,0.0003179877127926,0.0001046381235411,0.2200000000000002,2.22,above_target,13.82,True,0.03445616683922711,2.164473753264174,0.1499345371272432
2024-05-01,0.0716422298813567,0.6767837493049381,0.18056159248838113,0.18056159248838113,0.0004142515692847,0.46875,0.4354768471476266,0.0003520836822606,0.0001061163074181,0.3900000000000001,2.39,above_target,15.65,True,0.027940469653729122,1.1212008976432324,0.26394566222892596
2024-06-12,0.1932512242967883,0.6891142583856734,-0.22249052170659403,0.22249052170659403,0.0003592513336586,-0.203125,-0.1837715578173593,0.0003215089645347,0.0001163184860642,0.29000000000000004,2.29,above_target,12.85,True,0.05604285504606861,2.4832782322137295,0.19984313493184533
2024-07-31,0.2254574477672576,0.6734339469639351,-0.046818399731122784,0.046818399731122784,0.0002891864162828,0.0625,0.0559518813820114,0.0002575711057006,0.0001422773955288,0.3799999999999999,2.38,above_target,17.69,True,0.08567383015155786,3.9883422510027873,0.2559048998462953
2024-09-18,0.1381662376941396,0.6243424955305333,0.006104588467291381,0.006104588467291381,0.0004709266705795,0.09375,0.0814442785394326,0.0004083145152808,0.0001147096965731,0.27,2.27,above_target,17.61,True,0.037304884177417695,2.4331074457937985,0.168572473793244
2024-11-07,0.1837696264712856,0.6666609091374844,-0.0672489123043274,0.0672489123043274,0.0003795186283606,-0.203125,-0.184318729618602,0.0003348974645896,0.0001268218090054,0.2999999999999998,2.3,above_target,16.27,True,0.05513088794138565,2.989931822687817,0.1999982727412452
2024-12-18,0.1825735956573715,0.6690759119442385,-0.07741335976771377,0.07741335976771377,0.0004933683284403,-0.625,-0.5688282138794084,0.0004160870559923,0.0001262364933792,0.2599999999999998,2.26,above_target,15.87,True,0.04746913487091655,2.8974429630824856,0.1739597371055019
2025-01-29,0.1776282418375978,0.6689276570516328,-0.05220493617322008,0.05220493617322008,0.0003613079528177,-0.09375,-0.0860338399770576,0.0003100378146331,0.0001195336410517,0.31999999999999984,2.32,above_target,16.41,True,0.056841037388031264,2.91487944855498,0.2140568502565224
2025-03-19,0.1154875418792168,0.7034209581570098,-0.0927215501624015,0.0927215501624015,0.0003030645463403,0.515625,0.4666949512091641,0.0002619276720514,0.0001142921866235,0.14000000000000012,2.14,above_target,21.7,True,0.016168255863090366,2.5060796587790044,0.09847893414198146
2025-05-07,0.1592625479142253,0.7267154390049846,0.06701345096261964,0.06701345096261964,0.000238677752774,-0.078125,-0.0700770847932726,0.000230668103973,0.000138368519403,0.18000000000000016,2.18,above_target,24.76,True,0.02866725862456058,3.943340686356219,0.13080877902089735
2025-06-18,0.2696957593927017,0.6827301210750426,0.34614782748241274,0.34614782748241274,0.0002677892266476,-0.140625,-0.1266535322262876,0.0002423339073978,0.0001177398369773,0.27,2.27,above_target,21.6,True,0.07281785503602946,5.825428402882356,0.18433713269026153
2025-07-30,0.2052705319455036,0.675689901162764,-0.12162186754876375,0.12162186754876375,0.0001882631492665,0.0,0.0,0.0001817195304159,0.0001059060835651,0.3799999999999999,2.38,above_target,15.98,True,0.07800280213929135,3.2802231004891476,0.25676216244185024
2025-09-17,0.082902699494018,0.6356692645012548,0.11361835278308854,0.11361835278308854,0.0004999644915895,-0.1875,-0.1654031702274293,0.0004174005701672,0.0001092652350608,0.31999999999999984,2.32,above_target,16.36,True,0.026528863838085746,1.3562881637221345,0.20341416464040143
2025-10-29,0.0656728332575697,0.7057691939993651,0.139730278147297,0.139730278147297,0.0003691928338695,-0.328125,-0.289655172413793,0.0003167767735189,0.000113528851106,0.20000000000000018,2.2,above_target,16.42,True,0.013134566651513952,1.0783479220892946,0.14115383879987314
2025-12-10,0.0635874293345425,0.6754448894071727,0.10588719600549404,0.10588719600549404,0.0003068999287591,-0.09375,-0.0835887433825578,0.0002789410296011,0.0001143148228644,0.20000000000000018,2.2,above_target,16.93,True,0.012717485866908513,1.0765351786338047,0.13508897788143467
