date,is_pressconf,Vol_narrow,Vol_ext,Vol_norm,sigma_b1,sigma_b2,sigma_b3,sigma_b4,DeltaPrice_daily
2014-01-29,False,,,,,,,,0.6875
2014-03-19,True,0.0008913057674013749,0.0004961789203626965,6.246126089677554,0.00011792630814147929,0.00041304192935894,0.00028261642017868435,0.0004592029465285508,-1.0
2014-04-30,False,,,,,,,,0.375
2014-06-18,True,0.0005159585638618121,0.00029796760237334256,3.523491948520021,0.00022303330051390207,0.0007710177142280366,0.00039713582402861234,0.00033947611905750714,0.65625
2014-07-30,False,,,,,,,,-0.765625
2014-09-17,True,0.0007565642024366303,0.00036342661452428435,5.320244392169175,7.944423271060619e-05,0.0007754853724356664,0.0004653046921501116,0.00045531178180299324,-0.453125
2014-10-29,False,,,,,,,,-0.3125
2014-12-17,True,0.0008051446579898225,0.00048804258906171775,7.863124244999942,0.00014696143418870694,0.001256743761495744,0.0006518735286237281,0.00046027856322913347,-0.859375
2015-01-28,False,,,,,,,,0.78125
2015-03-18,True,0.0009233518781513621,0.0004870040367137607,5.859026330637859,0.0002336291560400757,0.00041556894457159136,0.0003994038194599923,0.0005141733119308087,1.34375
2015-04-29,False,,,,,,,,-0.21875
2015-06-17,True,0.0005697240469697027,0.0003273716010332621,3.898823792592918,0.0001335913992809755,0.0005539098861305455,0.0004122584174445292,0.0003388137534303743,0.265625
2015-07-29,False,,,,,,,,-0.25
2015-09-17,True,0.0005308719389043582,0.00033439408235219186,3.1051392083155354,0.0003020956755698999,0.0006418992112825559,0.0002844926451156441,0.0003635196912896819,0.953125
2015-10-28,False,,,,,,,,-0.640625
2015-12-16,True,0.0005935394295241141,0.0003472201623132742,3.5844496676771445,0.00013279523120924864,0.0007014645682021102,0.0004146232838348414,0.00031804616827387416,-0.328125
2016-01-27,False,,,,,,,,0.078125
2016-03-16,True,0.0006460673462081494,0.0003619359856218752,4.975679027568021,0.0001163394499495769,0.0003991430775051698,0.00019463459390166332,0.0001486190610753044,0.75
2016-04-27,False,,,,,,,,0.71875
2016-06-15,True,0.0004292474541265068,0.00023965778469398581,4.435748993857301,0.00014816219566339884,0.00040740868325744503,0.00015227245686474163,0.0001141270326620906,0.578125
2016-07-27,False,,,,,,,,0.515625
2016-09-21,True,0.00030036838778226953,0.00021350524246210566,3.4464797334165285,0.00013445542839313296,0.00038092207529692143,0.00020549215024976333,0.00033116559003337043,0.21875
2016-11-02,False,,,,,,,,0.25
2016-12-14,True,0.0007236102680690136,0.00040028732576367264,3.999984694873618,0.0001167258046661575,0.0005308374011659092,0.0002287185110556093,0.00015984975933614729,-0.9375
2017-02-01,False,,,,,,,,-0.125
2017-03-15,True,0.0010713477904510493,0.0005207877587992384,8.261020533543975,0.00014327691263622396,0.0008213674231545636,0.0003577648295451753,0.0002505366243996356,0.9375
2017-05-03,False,,,,,,,,-0.328125
2017-06-14,True,0.00028490205519832065,0.0002222996865051045,2.479129469188384,0.00012220831032462915,0.00036186846007885137,0.000246320362665669,0.00035991627917296296,0.640625
2017-07-26,False,,,,,,,,0.453125
2017-09-20,True,0.0002884483371999603,0.00019480024958898524,2.5089835901059625,0.00010273169628155725,0.00023221178481068927,0.00014977518297998795,0.00022287645302015185,-0.375
2017-11-01,False,,,,,,,,0.078125
2017-12-13,True,0.00023293669502053867,0.00016616064788231154,1.9568890516346151,0.00013043017586207236,0.00024943230674298714,0.00015263113757205577,0.00014625657671675803,0.453125
2018-01-31,False,,,,,,,,-0.109375
2018-03-21,True,0.00040678617517582113,0.00024938850604604623,2.964660814435588,0.00010631119898113847,0.0003621399083833257,0.00016308171873202835,0.00015561575569284536,0.125
2018-05-02,False,,,,,,,,0.03125
2018-06-13,True,0.0003748886983029047,0.00022750473803409088,3.6539511446780106,0.00010681710338431763,0.0004331042310208484,0.00016121794959148304,0.00029431281078356835,-0.125
2018-08-01,False,,,,,,,,-0.3125
2018-09-26,True,0.0001676432789421105,0.00016866158520231322,2.091099917735031,0.00010917364467858915,0.0002370959141576997,0.00010754342732273996,0.0002715139931291888,0.34375
2018-11-08,False,,,,,,,,-0.046875
2018-12-19,True,0.00037196178972259274,0.00030528861275945295,2.2677265364886594,0.0002011236669454164,0.0005029472163600308,0.00016935813313152933,0.00028143052491049815,0.28125
2019-01-30,True,0.0002732430252427708,0.0001874794434999279,2.040623335210681,0.00011076555170480548,0.00040865189887169035,0.00013518535126762703,0.00015296039087507552,0.375
2019-03-20,True,0.000391109683920834,0.0002378535479832514,3.852125274127377,8.427527000248745e-05,0.00037067805122054424,0.00016279903823783855,0.0002359182239543323,0.671875
2019-05-01,True,0.0004438269008540755,0.0003306321581367293,5.043083973985363,8.690112853036186e-05,0.00036944212689621087,0.00014901562200420084,0.0005638708332871251,-0.0625
2019-06-19,True,0.0003176502416354028,0.00023649405075929687,3.259889820398249,0.00012904058128506338,0.00040653537157040815,0.00019624595204933564,0.00039802105813779187,0.375
2019-07-31,True,0.00038914209408142216,0.00038376179906606813,4.138142328075604,0.00010605239109769485,0.00028144536744132516,0.0001851193211250085,0.0005207276221935139,0.0625
2019-09-18,True,0.0002966618024807711,0.00026829325882343893,2.015619290802169,0.00010820001425436272,0.00033881527938240655,0.0002627865741456603,0.0003547582749680652,0.0
2019-10-30,True,0.0002766615179868136,0.00021773600606512754,2.548900530002652,0.0001145325222193793,0.0001737831211346281,0.00016397765102143294,0.0003213392367831544,0.40625
2019-12-11,True,0.00019770060578849845,0.00017315634904102158,1.8973960470716797,7.65452989779207e-05,0.00022973956274559152,0.0001513335517059244,0.00021563506353007973,0.34375
2020-01-29,True,0.00012943075366858805,0.0001402246173696224,1.7243029587162375,0.0,0.0001247199240674682,0.0001429076746546944,0.00020008702560715043,0.5
2020-03-02,True,0.0010517501004746574,0.0006440611379396863,3.828805741161914,0.00030570806614136313,,0.0006311054756157761,0.0003683409106618412,-0.578125
2020-03-15,True,0.0008113653207621318,0.0005224030517887456,,,0.0010787422879024499,0.0004375397131186778,0.0004095099741158854,2.609375
2020-04-29,True,0.00019777050822911659,0.00015764211679199127,1.7831223530202784,0.0001450751184650136,0.0002534800452916424,0.0001298720555378985,0.00022415891669282304,-0.015625
2020-06-10,True,0.00028788117203653224,0.00018652906080728822,2.352968104133248,0.00013438737748232377,0.0003293495529926417,0.00016937270018001476,0.00015789456180977354,0.953125
2020-07-29,True,0.00011333896934972055,9.628384128191438e-05,1.6227261822277332,9.272412997395417e-05,0.00012952629957498294,9.304323509317496e-05,0.00012914127655633376,0.109375
2020-09-16,True,0.0001985888349055025,0.0001557434463034325,1.9539765512567266,0.00010756381147243147,0.00025930524063232774,0.00012723913025953503,0.0001383686879207071,-0.125
2020-11-05,True,7.577528141211502e-05,9.780397908204208e-05,0.9309597622081407,6.239948217679076e-05,7.206411597864849e-05,5.33983402203105e-05,5.87306575513324e-05,-0.046875
2020-12-16,True,0.0002133834765697294,0.0001440788320040318,2.1240016181938586,0.000111833090001698,0.00016398396756368418,0.0001439633903425591,0.00014182284020039632,-0.03125
2021-01-27,True,0.00012050218440246036,9.629718858745788e-05,1.2999755030724365,6.994126505106798e-05,0.00014781257841899983,9.413179083411241e-05,8.62673760703393e-05,0.109375
2021-03-17,True,0.0003775887736246541,0.0002849161107741489,3.3052277760005055,0.00014750908749333543,0.0005103830372217387,0.0002322448096795777,0.0004067235645916635,-0.046875
2021-04-28,True,0.00020263577351696223,0.00017757673903961684,2.6108999251031664,5.299681175855536e-05,0.000251077635650313,0.00011551210992626712,0.0003340208153341361,0.078125
2021-06-16,True,0.0005732540177687309,0.00035873067887436794,7.066965510753137,8.332136711297072e-05,0.0001649400208468385,0.00013230232237679496,0.0005908275272680017,-0.984375
2021-07-28,True,0.00040035034227680336,0.00024862974400736716,4.097943969753352,7.710123831822615e-05,0.00029970104421556045,0.0001733290584372087,0.00033670910958321287,0.015625
2021-09-22,True,0.00027827744997491915,0.00021752467522410457,3.082524651556436,0.00012041474841894352,0.0003553832797950899,0.00021791948695389223,0.00033126831020383285,-0.0625
2021-11-03,True,0.0003376150051639775,0.00023290108514181668,3.592548283881047,9.476833384855412e-05,0.00047957938609439734,0.00022135149867824096,0.00022178263830335382,-0.25
2021-12-15,True,0.00046188715090535377,0.000303789098648639,3.803127497328948,0.0001296660568519934,0.00037111387739357767,0.00020167999851911073,0.0003286244459857163,-0.09375
2022-01-26,True,0.00028391037197262947,0.0002915835436408875,2.2176019212608105,0.00011303059631629217,0.00026686540678714474,0.00015906235276346066,0.00032202533199653793,-0.765625
2022-03-16,True,0.0005076078710993396,0.00035602054105535,3.620650644201568,0.00035561390540501356,0.0005518128631893452,0.00026370077119514687,0.00022759357254389,-0.46875
2022-05-04,True,0.0005140858442551803,0.0005215401190240946,3.5657687897709986,0.00021143315557132483,0.0005312416493896679,0.0002866964232021563,0.0008278024981861582,0.6875
2022-06-15,True,0.0006212479539537751,0.0007307883806041086,8.636024638886616,0.0002826386526808487,0.000819200466232413,0.00041356348428554443,0.0017357418835752378,1.125
2022-07-27,True,0.00027349543875146903,0.00038267895290611655,3.189070902713767,0.00013581056096137304,0.0003805673888704088,0.00012963990074811802,0.0011212005834246059,0.46875
2022-09-21,True,0.0007234181936244917,0.000479517795184535,4.413088129952713,0.0001812328606005082,0.0005711048303279487,0.0004298939021396274,0.0005313265995919489,-0.0625
2022-11-02,True,0.0006592222094092037,0.0005975213585036374,6.6186570849988255,0.00014112583318591927,0.0005861738091353878,0.0003816824975039394,0.001204782508145114,-0.421875
2022-12-14,True,0.00044026053824046754,0.0003847083176888917,3.2690432136053293,0.00019598519880791338,0.000398416205762451,0.0004839088545548494,0.0006591236060333893,0.046875
2023-02-01,True,0.0004089504149768311,0.00040835054248368593,4.006971794123146,0.00012913269344495484,0.00038201139593440643,0.0002343188081527773,0.00036526531782289206,0.78125
2023-03-22,True,0.0006944260355006143,0.0005689179803720589,3.3775285172700578,0.0002542877354676261,0.0006468080470387809,0.00040281468815855757,0.0008849805514044663,1.265625
2023-05-03,True,0.00041427205159248303,0.0003336977649827861,3.088219066125731,0.00016854222151689124,0.0005081886853667574,0.0002589717226666415,0.00040703357559513753,0.890625
2023-06-14,True,0.0008961942161351492,0.0005135584910619608,5.266329398640913,0.00017855218086481163,0.00043422194543714864,0.0002518653830575999,0.0003587869453286693,0.15625
2023-07-26,True,0.0002445734329445106,0.000273478195584233,2.755444063246145,0.00010968464353819488,0.00022946686978464497,0.0002176656885557654,0.000592697320069232,0.1875
2023-09-20,True,0.0005398995707427227,0.0003308278843995194,3.7231373362462947,0.00011829889284641593,0.0004235126206065906,0.00030076781984560516,0.0003475343706433996,-0.390625
2023-11-01,True,0.0005789526408711526,0.00036400803568298193,4.797342704180603,0.00020247044529352623,0.0005467220028605238,0.0002127524638148248,0.00041118836510224503,1.390625
2023-12-13,True,0.0009870885646360039,0.000546896112020764,6.540129220362386,0.000246339169767218,0.0004119199443925116,0.00022857583700876334,0.0003407337098188977,1.453125
2024-01-31,True,0.00032256912109143016,0.00036070123571528616,3.4227315295210916,0.00012048846183722753,0.0003114734865699439,0.00022878086101423036,0.000492499621164466,0.71875
2024-03-20,True,0.00036716139607772494,0.00028719826117631176,3.320424423066327,0.0001034383363502352,0.00041885550623507105,0.00020370420929746524,0.00039043247009824117,0.3125
2024-05-01,True,0.0003533032856318669,0.0003251966451937371,3.9037503223000587,0.00012729249611739853,0.0004626690787385793,0.0002357154148180619,0.0006909441342385122,0.421875
2024-06-12,True,0.0004208669481114772,0.0002759388084708907,3.088514524340674,0.00020398130318172611,0.00040439228817212164,0.00012230074220091454,0.0003492462980519358,0.734375
2024-07-31,True,0.00033968163783332797,0.00025665156694792973,2.0325534861527768,0.00016148669983378052,0.0003240015376812667,0.00013521454626127676,0.0002466888996795445,0.609375
2024-09-18,True,0.000562469185718279,0.0003790317187615132,4.105378051273956,0.00010113466149402802,0.0005122644540430405,0.00028618872776225215,0.00037101326700860864,-0.46875
2024-11-07,True,0.00032817137846424707,0.00032215030194301567,2.9925344176760666,0.00015814581717167657,0.0003364245592659247,0.00014387914352372873,0.0007053142928191432,0.65625
2024-12-18,True,0.0006370934980455352,0.00036652641419948064,3.9082860687382843,0.0001269026992714826,0.0005536140494533652,0.00014910603389829937,0.0002518504005853335,-0.9375
2025-01-29,True,0.00042080473708885213,0.0002750414846479385,3.0226465925306263,0.00010590286817943793,0.00026488243438919424,0.00020704272285133307,0.00029597640184679134,-0.078125
2025-03-19,True,0.00036492835265256545,0.00023907512254687553,2.6516646088734985,0.00018397501181289302,0.00020237214443685246,0.00017244293283004015,0.00021302742840405295,0.421875
2025-05-07,True,0.00023859363865620287,0.00023634937412968286,1.7249425939064083,0.0001253577013389696,0.0003121174839837713,0.0001666988893520885,0.00023630199933254354,0.34375
2025-06-18,True,0.00029930402352269076,0.00021927340126703357,2.2744147904606766,0.00012904896685995106,0.000360170290027508,0.00011619831688935447,0.0002785297529249745,-0.015625
2025-07-30,True,0.00018616302143691736,0.000173173158662427,1.7776424444094892,0.0001124963159547756,0.00022543142379509958,0.00014173010042054562,0.00015712660861266114,-0.359375
2025-09-17,True,0.0005561276872779488,0.00035806574246634396,4.575695932116905,0.00016381263118423375,0.00037515197290551917,0.0001803437154283187,0.0005335135762024752,-0.40625
2025-10-29,True,0.0002513865109545584,0.0002838934558956408,3.251973663723513,0.00013151208229675543,0.0002784108098661601,0.0001310204503458075,0.0007399878365426312,-0.671875
2025-12-10,True,0.0003082027304974821,0.0002485503109479387,2.6846905857794496,7.727782128165922e-05,0.00025942307418164086,0.00022473127655391737,0.0004034126403870127,0.375
